customer_status,Return_Rate,Avg_Review,Avg_Shipping_Time,Promo_Rate
Dropped customer from last year,0.055019958752432443,3.943515753528818,1.4986843449272862,0.37740589000203645
New customer,0.055300661780208246,3.9343549680069363,1.4991334238407148,0.369818105593963
Old customer,0.05543867210781816,3.9395156014091595,1.492651189580178,0.3960642463391401
