category,total_quantity,total_revenue,unique_products,revenue_share
Streetwear,1683187,13776575503.120148,875,0.8162414722810847
Outdoor,1017942,2339713757.5864944,495,0.13862453711927034
Casual,94933,439403144.3789341,114,0.026033978430384918
GenZ,148612,322371220.6449988,111,0.019100012169260015
