order_source,order_count,share
organic_search,63980,0.2804233963752712
paid_search,49938,0.2188775174771537
social_media,45595,0.19984221253095483
email_campaign,27468,0.12039183888146217
referral,22750,0.09971291446604282
direct,18424,0.0807521202691153
